{
    "best_model": "Gradient Boosting",
    "models": {
        "Linear Regression": {
            "r2": 0.5757877060324508,
            "mae": 0.5332001304956565,
            "mae_dollars": 53320.01304956565,
            "mse": 0.5558915986952444,
            "rmse": 0.7455813830127764,
            "rmse_dollars": 74558.13830127765
        },
        "Random Forest": {
            "r2": 0.791219279678564,
            "mae": 0.34599172027133057,
            "mae_dollars": 34599.172027133056,
            "mse": 0.273588130392812,
            "rmse": 0.5230565269574714,
            "rmse_dollars": 52305.65269574714
        },
        "Gradient Boosting": {
            "r2": 0.8247131471956459,
            "mae": 0.3186647109212145,
            "mae_dollars": 31866.47109212145,
            "mse": 0.22969746568241664,
            "rmse": 0.47926763471198075,
            "rmse_dollars": 47926.76347119807
        }
    },
    "feature_importances": {
        "MedInc": 0.5590155644822249,
        "AveOccup": 0.13193730929592978,
        "Longitude": 0.10741706952514155,
        "Latitude": 0.10204395687916235,
        "HouseAge": 0.04445879476701668,
        "AveRooms": 0.027641905085722764,
        "AveBedrms": 0.014844172315363682,
        "Population": 0.01264122764943822
    }
}